case,nodes,resource_bags,global_burden,kappa_burden,max_bag_burden,path_burden,subtree_burden,lambda_msg,active_edges,w_tn_proxy,w_eff_proxy,slms_exponent_proxy,dense_tn_exponent_proxy,global_sampling_exponent_proxy
balanced_leaf_local,63,32,8.395656462959714,0.0,0.26236426446749106,0.26236426446749106,8.395656462959714,0.26236426446749106,0,1.0,1.0,1.5247285289349821,1.0,8.395656462959714
balanced_path_active,63,37,9.707477785297169,0.0,0.26236426446749106,1.5741855868049464,9.70747778529717,1.5741855868049464,5,1.0,1.0,4.148371173609893,1.0,9.707477785297169
uniform_chain,40,40,10.494570578699642,0.0,0.26236426446749106,10.49457057869965,10.49457057869965,10.49457057869965,39,1.0,1.0,21.9891411573993,1.0,10.494570578699642
clustered_subtree,63,31,8.133292198492223,0.0,0.26236426446749106,1.3118213223374553,8.133292198492223,8.133292198492223,31,1.0,2.0,18.266584396984445,1.0,8.133292198492223
stabilizer_compressed_grid_accounting,81,9,2.3612783802074198,0.0,0.26236426446749106,0.26236426446749106,2.3612783802074198,0.26236426446749106,0,11.0,1.0,1.5247285289349821,11.0,2.3612783802074198
